model,label,imbalance,feature_set,feature_set_aliases,n_features,average_precision,ap_low,ap_high,roc_auc,brier_score,precision_at_50_recall,precision_at_80_recall,train_average_precision,fit_seconds,eval_rows,eval_positives,run_name,mlflow_run_id
logistic_regression,Logistic Regression,none,all,safe,44,0.7817195001142778,0.677564495430634,0.8787443467961006,0.9812783268774611,0.0005259599873806255,0.8235294117647058,0.7719298245614035,0.7576008086769075,4.361561099998653,42558,55,logistic_regression__none__all,4a2e473b098c460db240fd576f1f6ff6
logistic_regression,Logistic Regression,class_weight,all,safe,44,0.8395011913177163,0.7409580042104154,0.9223252583542456,0.9838360072978805,0.047774193518077615,1.0,0.6376811594202898,0.7073290824880374,4.807627999980468,42558,55,logistic_regression__class_weight__all,aed8e45c2c834da2a4b30b2d699a1698
logistic_regression,Logistic Regression,smote,all,safe,44,0.8019466117045492,0.69419928161905,0.8914247554600353,0.9743432014424651,0.0044121901890833565,1.0,0.7894736842105263,0.7532534056648638,6.102805099973921,42558,55,logistic_regression__smote__all,f36b12327898452b9bd83472be87d80c
random_forest,Random Forest,none,all,safe,44,0.854565328058584,0.7611464098713343,0.9450655112052819,0.9832512357416482,0.0003915302272544591,1.0,0.8333333333333334,0.946065580499131,103.42730650003068,42558,55,random_forest__none__all,bcd8fecf6eba49c6a5f301db2e49030b
random_forest,Random Forest,class_weight,all,safe,44,0.8591976279386173,0.7686527014270069,0.9427416362350748,0.9800826893502703,0.00046358192326430227,1.0,0.8653846153846154,0.9766654234887311,79.79892630001996,42558,55,random_forest__class_weight__all,7bb20f9a993b4f708309bfb7190a4095
random_forest,Random Forest,smote,all,safe,44,0.872507246283585,0.7857788448520363,0.9546960581304103,0.9852108835098271,0.0007252057403203557,1.0,0.8823529411764706,0.9625747777267609,115.76067400001921,42558,55,random_forest__smote__all,2a2a8135c83f4c789db59fd818695ad2
logistic_regression,Logistic Regression,none,selected,,36,0.7535232455652511,0.6419373673638809,0.857676159027076,0.9775814755322084,0.0005848614369497358,0.76,0.7142857142857143,0.7517509850954808,2.795717599976342,42558,55,logistic_regression__none__selected,f4cd9d87835a4f1cbe87138d917dea43
logistic_regression,Logistic Regression,class_weight,selected,,36,0.8266550626843857,0.7240907193458673,0.9144534537524354,0.9834381744176347,0.04497808014093757,1.0,0.6197183098591549,0.7050523638383883,3.1276153000071645,42558,55,logistic_regression__class_weight__selected,63f75ef7f31b4047b636bc2e191a673a
logistic_regression,Logistic Regression,smote,selected,,36,0.7927698585813275,0.6843663707399276,0.8815947929633268,0.9768478374788517,0.004149841968235517,0.90625,0.7758620689655172,0.755364964967856,2.1145610999665223,42558,55,logistic_regression__smote__selected,e539387c50a34ee7b326b98f3fa908d2
random_forest,Random Forest,none,selected,,36,0.8586445785733494,0.7687705638241025,0.9475202652083318,0.9812304158209153,0.00037937826300394993,1.0,0.8490566037735849,0.947374981563174,104.26276640000287,42558,55,random_forest__none__selected,4b1c79cddc5043cc9a71f1ad96de141e
random_forest,Random Forest,class_weight,selected,,36,0.8671441806546863,0.7752865631762978,0.9513006473090238,0.9821576230982625,0.00045427727541199833,1.0,0.9565217391304348,0.9760555311210649,77.57083879999118,42558,55,random_forest__class_weight__selected,279f446d44ab401cbf605a042f9718d1
random_forest,Random Forest,smote,selected,,36,0.8668546635430855,0.777653467662672,0.9523103527838285,0.983297007911741,0.0007193350362201256,1.0,0.8823529411764706,0.9717122987524386,114.64875739999115,42558,55,random_forest__smote__selected,93707e88f3cd41c48ea964bc4f22820f
