feature,auc,ks,abs_corr,mutual_info,psi,range_coverage,dominant_share,n_unique,mean_fraud,mean_normal
V14,0.9492011557547123,0.8422972628861242,0.3145816718272558,0.029699533401185585,0.06371594981582115,1.0,0.00038769838072988,193543,-7.003842793529414,0.06466811502430121
V12,0.9404875550074223,0.7829991196386732,0.2654900048154138,0.027357631156818663,0.19112905109622544,1.0,0.00038769838072988,193543,-6.795424972152811,-0.05826704821790004
V4,0.9373208397993223,0.7595779194198977,0.14177137463612235,0.020066225648274316,0.10469240644944934,1.0,0.00038769838072988,193543,4.684202301330746,0.06444032463165833
V3,0.9188161066925818,0.7052128096680201,0.23007675388131907,0.018941737794962,0.7770373985613316,1.0,0.00038769838072988,193543,-7.368845035123124,0.337427322325058
V10,0.9172410460626502,0.8158564878175336,0.24345616099076875,0.02790732873510071,0.03569574749259121,1.0,0.00038769838072988,193543,-6.113979509955604,-0.0011009621856231883
V11,0.9152290711859982,0.7666315602672078,0.16374791082247073,0.025295795245793617,0.32712523102397806,1.0,0.00038769838072988,193543,4.084696700181745,0.11891599714546171
V2,0.8735263292207355,0.6538687908243515,0.10532277772335831,0.014102118019547638,0.020822990225008386,1.0,0.00038769838072988,193543,3.960444588961289,-0.007795270444424062
V16,0.8555941700222551,0.7155999597114373,0.22221389463409366,0.023511650206716084,0.0038873138277763985,0.9999060106207999,0.00038769838072988,193543,-4.566837680524042,0.004098579777854116
V7,0.8421828693891437,0.6947372320732021,0.21857572535849007,0.017456810975927772,0.07839354039580673,0.9999765026552,0.00038769838072988,193543,-6.176626624338817,-0.037213257196719036
V9,0.8359593669888373,0.566770822634785,0.10267324058069459,0.015697787560892018,0.04862534068894547,1.0,0.00038769838072988,193543,-2.6974503047729663,0.011870688161654342
V1,0.8127525925563297,0.5173092797162469,0.1209464252560553,0.009313056003798836,0.938301566231842,1.0,0.00038769838072988,193543,-5.38548613585306,-0.08949289105944194
V17,0.8112415647200091,0.7548579334756884,0.36854789447723285,0.03019512821602577,0.0320074779487432,1.0,0.00038769838072988,193543,-7.534861484718757,0.04105266202035843
V6,0.7760348711071962,0.4913474412765807,0.049131858883361273,0.009125252309778564,0.055474078254507855,1.0,0.00038769838072988,193543,-1.4541552781324452,0.04784426449975719
V18,0.7639096979388718,0.5357410215025042,0.13263216949223938,0.017028288499128186,0.02464962925587843,1.0,0.00038769838072988,193543,-2.6226469298530084,-0.02960429872444628
V5,0.7518802983139832,0.5054989367469014,0.11939913578264925,0.011256825118392544,0.15114390742077105,1.0,0.00038769838072988,193543,-3.8820298122037875,-0.10295851489765856
V21,0.7443193429810879,0.537717410353951,0.028989226765878617,0.010668283064940609,0.11557256157142297,1.0,0.00038769838072988,193543,0.4725649704868278,-0.016154720086410102
V27,0.6965125364522459,0.4773936673854989,0.02567726693329111,0.00981614326730973,0.04511245013850607,1.0,0.00038769838072988,193543,0.23390428464260715,0.0030207583175275994
V19,0.6756158766706895,0.3566354816211549,0.041009838908676266,0.005292745049581216,0.017712812092945195,1.0,0.00038769838072988,193543,0.7673693243601576,-0.015156266271677226
V8,0.6669010217296374,0.38386350446655615,0.04226075482910509,0.007801270563943974,0.05945244212350136,1.0,0.00038769838072988,193543,1.186873239639467,0.014659713161404917
V20,0.6455077701300442,0.36368727563369446,0.023334045410570898,0.00428978782589573,0.05696630445041072,0.9999765026552,0.00038769838072988,193543,0.42627024346633435,0.019346569157556462
V28,0.6321612051903445,0.38060910595390307,0.0078533944154838,0.0073643705906804025,0.5339846049568141,1.0,0.00038769838072988,193543,0.05935258090189074,0.002388112546208211
Time,0.584348100127994,0.16356847729796276,0.013092288541901238,0.0063690467160856246,12.433831905195118,2.3497344800037594e-05,0.00010573592201723999,89826,59934.469945355195,70465.68685747722
V24,0.5503098327192194,0.10675074340612456,0.005309704624960772,0.0015403229890514902,0.11582425404015477,1.0,0.00038769838072988,193543,-0.07009930328074357,0.004616532346460007
V23,0.5480613389507982,0.2121236929440382,0.007672819552446219,0.0028935820212204755,0.11499469730662085,0.9999530053103999,0.00038769838072988,193543,-0.12426394609725949,-0.01523072340511799
Amount,0.5478557338679121,0.26041428748866474,0.005247614048001179,0.0069171290356385695,0.002610655873770209,1.0,0.050063441553210346,27639,120.29071038251365,89.8052618516762
V15,0.5401254348124385,0.1023886850663232,0.007109299714497519,0.00033637546161791043,0.20693623615929854,0.9999765026552,0.00038769838072988,193543,-0.07062933707722109,0.0858853394628458
V22,0.5277790962891686,0.08000253925998602,0.007237642934253889,0.0008589873320815622,0.17129138755951118,1.0,0.00038769838072988,193543,0.06834117524558975,-0.04807580928935774
V26,0.5273872227590907,0.08609783824957995,0.002597887374587753,0.0006305183570418649,0.10348996624925103,1.0,0.00038769838072988,193543,0.035994886795857405,0.006407806168833451
V25,0.515452797301394,0.10446477543068056,0.000950397237728813,0.0013334270048820374,0.21981528748484858,1.0,0.00038769838072988,193543,0.07148406263868823,0.06059653888949375
V13,0.5049651463688224,0.08255045456116641,0.001974439572831911,0.0,0.04811249942529954,1.0,0.00038769838072988,193543,-0.00956188011365137,0.0379502896867493
