feature,mean_abs_shap,share
V14,0.07266686112454682,0.2843782607382517
V12,0.03598736626556465,0.14083482441344453
V4,0.021261731209872164,0.08320676093858674
V10,0.015812696433742182,0.061882225815455584
V7,0.007130395216323649,0.02790445821677997
V17,0.007105560621777293,0.027807269227274452
V2,0.006702173557827731,0.02622863338316289
V3,0.005636047532194532,0.022056400535817037
V6,0.005473782946965452,0.02142138589760705
V8,0.005194561236739291,0.02032866518440078
V11,0.004908057925564906,0.019207448276629333
V16,0.004267342335244919,0.016700038676388165
V28,0.003947252737060955,0.015447383452214558
V9,0.0037126206727598884,0.014529162170508151
seconds_since_prev,0.0036356705892565413,0.014228021725307979
V21,0.0036303104661009624,0.014207045141529111
Amount,0.0034406734608543148,0.01346490985607593
V20,0.003379803594667089,0.013226698566778253
V18,0.003261136453006785,0.012762300423939832
amount_ratio_50,0.0029541478309487255,0.011560915238777166
amount_log,0.0029494732839351356,0.01154262162420662
hour,0.002944837314691116,0.011524478981879045
V27,0.0026835774439470067,0.01050205106228623
V19,0.002625024274115995,0.010272906052586208
V5,0.0024799515317348556,0.009705170863251865
V24,0.0022271652563142907,0.008715903950795157
V1,0.0022217294859434257,0.008694631325283099
hour_sin,0.002220858713352972,0.008691223598694396
hour_cos,0.0022017132143067704,0.008616298610392053
V15,0.002136116260492133,0.008359588091362457
txn_rate_50,0.0019534217070877827,0.0076446217567848005
amount_dev_50,0.001901755312068096,0.007442427808581487
amount_ratio_10,0.0018576159367669576,0.007269690489479499
V25,0.001808003542837034,0.007075534775602287
V23,0.0016146418998988787,0.006318823299954571
txn_rate_10,0.0015948119713931912,0.006241219829930649
